ID,Email,First Name,Last Name,Full Name,Username,Gender,Enabled,Role Profile,User Type,Language
dimitri.gerlach@velo-gmbh.de,dimitri.gerlach@velo-gmbh.de,Dimitri,Gerlach,Dimitri Gerlach,dimitri.gerlach,Male,1,Sales,System User,de
jolanda.schoenland@velo-gmbh.de,jolanda.schoenland@velo-gmbh.de,Jolanda,Schönland,Jolanda Schönland,jolanda.schoenland,Female,1,Sales,System User,de
apostolos.scholtz@velo-gmbh.de,apostolos.scholtz@velo-gmbh.de,Apostolos,Scholtz,Apostolos Scholtz,apostolos.scholtz,Male,1,Sales,System User,de
agatha.saeuberlich@velo-gmbh.de,agatha.saeuberlich@velo-gmbh.de,Agatha,Säuberlich,Agatha Säuberlich,agatha.saeuberlich,Female,1,Sales,System User,de
irmingard.textor@velo-gmbh.de,irmingard.textor@velo-gmbh.de,Irmingard,Textor,Irmingard Textor,irmingard.textor,Female,1,Sales,System User,de
herbert.zorbach@velo-gmbh.de,herbert.zorbach@velo-gmbh.de,Herbert,Zorbach,Herbert Zorbach,herbert.zorbach,Male,1,Sales,System User,de
soeren.seifert@velo-gmbh.de,soeren.seifert@velo-gmbh.de,Sören,Seifert,Sören Seifert,soeren.seifert,Male,1,Sales,System User,de
mato.pruschke@velo-gmbh.de,mato.pruschke@velo-gmbh.de,Mato,Pruschke,Mato Pruschke,mato.pruschke,Male,1,Sales,System User,de
hilma.juettner@velo-gmbh.de,hilma.juettner@velo-gmbh.de,Hilma,Jüttner,Hilma Jüttner,hilma.juettner,Female,1,Sales,System User,de
lieschen.etzler@velo-gmbh.de,lieschen.etzler@velo-gmbh.de,Lieschen,Etzler,Lieschen Etzler,lieschen.etzler,Female,1,Sales,System User,de
marzena.kramer@velo-gmbh.de,marzena.kramer@velo-gmbh.de,Marzena,Kramer,Marzena Kramer,marzena.kramer,Female,1,Sales,System User,de
sophie.trubin@velo-gmbh.de,sophie.trubin@velo-gmbh.de,Sophie,Trubin,Sophie Trubin,sophie.trubin,Female,1,Sales,System User,de
johanne.winkler@velo-gmbh.de,johanne.winkler@velo-gmbh.de,Johanne,Winkler,Johanne Winkler,johanne.winkler,Female,1,Sales,System User,de
